year,rank,title,publisher,platforms,mc_score,gr_score,seed_source,source_status,candidate_source,acquisition_lane,offline_strategy,notes
2000,1,Tony Hawk's Pro Skater 2,Activision,PS1,98/100,94.75%,https://en.wikipedia.org/wiki/2000_in_video_games,matched-prior-verified-page-visible-private,https://www.myabandonware.com/game/tony-hawk-s-pro-skater-2-a2e,private-classic-sports,Wine/Windows VM; Start first skate session offline,Matched prior sweep evidence: Visible download parsed: 490 MB
2000,2,Perfect Dark,Nintendo,N64,97/100,94.55%,https://en.wikipedia.org/wiki/2000_in_video_games,console-title-private-media-only,owned physical media/ROM dump only; no public ROM downloads,private-emulator-vault-only,Only evaluate if Dylan supplies private dumps; keep out of Git/public catalog.,Top-10 seed from Wikipedia review-score table.
2000,3,NFL 2K1,Sega,DC,97/100,94.5%,https://en.wikipedia.org/wiki/2000_in_video_games,console-title-private-media-only,owned physical media/ROM dump only; no public ROM downloads,private-emulator-vault-only,Only evaluate if Dylan supplies private dumps; keep out of Git/public catalog.,Top-10 seed from Wikipedia review-score table.
2000,4,Metal Gear Solid (Metal Gear: Ghost Babel),Konami,GBC,— N/a,95.61%,https://en.wikipedia.org/wiki/2000_in_video_games,console-title-private-media-only,owned physical media/ROM dump only; no public ROM downloads,private-emulator-vault-only,Only evaluate if Dylan supplies private dumps; keep out of Git/public catalog.,Top-10 seed from Wikipedia review-score table.
2000,5,Baldur's Gate II: Shadows of Amn,Interplay Entertainment,WIN,95/100,93.97%,https://en.wikipedia.org/wiki/2000_in_video_games,pc-classic-source-probe-needed,try MyAbandonware/direct official patches/Internet Archive metadata only; verify visible download before acquisition,private-classic-candidate,"If a full-game download is visible, cache one selected file privately and smoke under DOSBox/Wine with network blocked.",Top-10 seed from Wikipedia review-score table.
2000,6,The Legend of Zelda: Majora's Mask,Nintendo,N64,95/100,91.95%,https://en.wikipedia.org/wiki/2000_in_video_games,console-title-private-media-only,owned physical media/ROM dump only; no public ROM downloads,private-emulator-vault-only,Only evaluate if Dylan supplies private dumps; keep out of Git/public catalog.,Top-10 seed from Wikipedia review-score table.
2000,7,Resident Evil – Code: Veronica,Capcom,DC,94/100,93.79%,https://en.wikipedia.org/wiki/2000_in_video_games,console-title-private-media-only,owned physical media/ROM dump only; no public ROM downloads,private-emulator-vault-only,Only evaluate if Dylan supplies private dumps; keep out of Git/public catalog.,Top-10 seed from Wikipedia review-score table.
2000,8,Final Fantasy IX,Square,PS1,94/100,92.72%,https://en.wikipedia.org/wiki/2000_in_video_games,console-title-private-media-only,owned physical media/ROM dump only; no public ROM downloads,private-emulator-vault-only,Only evaluate if Dylan supplies private dumps; keep out of Git/public catalog.,Top-10 seed from Wikipedia review-score table.
2000,9,Jet Set Radio,Sega,DC,94/100,91.9%,https://en.wikipedia.org/wiki/2000_in_video_games,console-title-private-media-only,owned physical media/ROM dump only; no public ROM downloads,private-emulator-vault-only,Only evaluate if Dylan supplies private dumps; keep out of Git/public catalog.,Top-10 seed from Wikipedia review-score table.
2000,10,Tony Hawk's Pro Skater,Crave Entertainment,DC,— N/a,94%,https://en.wikipedia.org/wiki/2000_in_video_games,console-title-private-media-only,owned physical media/ROM dump only; no public ROM downloads,private-emulator-vault-only,Only evaluate if Dylan supplies private dumps; keep out of Git/public catalog.,Top-10 seed from Wikipedia review-score table.
2001,1,Halo: Combat Evolved,Microsoft Game Studios,XB,97/100,95.54%,https://en.wikipedia.org/wiki/2001_in_video_games,console-title-private-media-only,owned physical media/ROM dump only; no public ROM downloads,private-emulator-vault-only,Only evaluate if Dylan supplies private dumps; keep out of Git/public catalog.,Top-10 seed from Wikipedia review-score table.
2001,2,Grand Theft Auto III,Rockstar Games,PS2,97/100,95.19%,https://en.wikipedia.org/wiki/2001_in_video_games,known-fail-store-or-private-only,store/private-owned-files only,blocked-unless-private-files,Only test if Dylan supplies owned installer/media; otherwise skip.,checked prior: MyAbandonware page purchase/store-only
2001,3,Tony Hawk's Pro Skater 3,Activision,PS2,97/100,93.43%,https://en.wikipedia.org/wiki/2001_in_video_games,matched-prior-verified-page-visible-private,https://www.myabandonware.com/game/tony-hawk-s-pro-skater-3-3rm,private-classic-sports,Wine/Windows VM; Start first skate session offline,Matched prior sweep evidence: Visible download parsed: 514 MB
2001,4,Metal Gear Solid 2: Sons of Liberty,Konami,PS2,96/100,95.09%,https://en.wikipedia.org/wiki/2001_in_video_games,console-title-private-media-only,owned physical media/ROM dump only; no public ROM downloads,private-emulator-vault-only,Only evaluate if Dylan supplies private dumps; keep out of Git/public catalog.,Top-10 seed from Wikipedia review-score table.
2001,5,Gran Turismo 3: A-Spec,Sony Computer Entertainment,PS2,95/100,94.54%,https://en.wikipedia.org/wiki/2001_in_video_games,console-title-private-media-only,owned physical media/ROM dump only; no public ROM downloads,private-emulator-vault-only,Only evaluate if Dylan supplies private dumps; keep out of Git/public catalog.,Top-10 seed from Wikipedia review-score table.
2001,6,Tony Hawk's Pro Skater 2,Activision,GBA,95/100,89.88%,https://en.wikipedia.org/wiki/2001_in_video_games,matched-prior-verified-page-visible-private,https://www.myabandonware.com/game/tony-hawk-s-pro-skater-2-a2e,private-classic-sports,Wine/Windows VM; Start first skate session offline,Matched prior sweep evidence: Visible download parsed: 490 MB
2001,7,Devil May Cry,Capcom,PS2,94/100,92.6%,https://en.wikipedia.org/wiki/2001_in_video_games,console-title-private-media-only,owned physical media/ROM dump only; no public ROM downloads,private-emulator-vault-only,Only evaluate if Dylan supplies private dumps; keep out of Git/public catalog.,Top-10 seed from Wikipedia review-score table.
2001,8,Madden NFL 2002,EA Sports,PS2,94/100,92.32%,https://en.wikipedia.org/wiki/2001_in_video_games,console-title-private-media-only,owned physical media/ROM dump only; no public ROM downloads,private-emulator-vault-only,Only evaluate if Dylan supplies private dumps; keep out of Git/public catalog.,Top-10 seed from Wikipedia review-score table.
2001,9,NBA 2K2,Sega,DC,93/100,92.82%,https://en.wikipedia.org/wiki/2001_in_video_games,console-title-private-media-only,owned physical media/ROM dump only; no public ROM downloads,private-emulator-vault-only,Only evaluate if Dylan supplies private dumps; keep out of Git/public catalog.,Top-10 seed from Wikipedia review-score table.
2001,10,Mario Kart: Super Circuit,Nintendo,GBA,93/100,91.54%,https://en.wikipedia.org/wiki/2001_in_video_games,console-title-private-media-only,owned physical media/ROM dump only; no public ROM downloads,private-emulator-vault-only,Only evaluate if Dylan supplies private dumps; keep out of Git/public catalog.,Top-10 seed from Wikipedia review-score table.
2002,1,Metroid Prime,Nintendo,GCN,97/100,96.33%,https://en.wikipedia.org/wiki/2002_in_video_games,console-title-private-media-only,owned physical media/ROM dump only; no public ROM downloads,private-emulator-vault-only,Only evaluate if Dylan supplies private dumps; keep out of Git/public catalog.,Top-10 seed from Wikipedia review-score table.
2002,2,The Legend of Zelda: The Wind Waker,Nintendo,GCN,96/100 [ 8 ],94.43% [ 9 ],https://en.wikipedia.org/wiki/2002_in_video_games,console-title-private-media-only,owned physical media/ROM dump only; no public ROM downloads,private-emulator-vault-only,Only evaluate if Dylan supplies private dumps; keep out of Git/public catalog.,Top-10 seed from Wikipedia review-score table.
2002,3,Grand Theft Auto: Vice City,Rockstar Games,PS2,95/100,94.43%,https://en.wikipedia.org/wiki/2002_in_video_games,known-fail-store-or-private-only,store/private-owned-files only,blocked-unless-private-files,Only test if Dylan supplies owned installer/media; otherwise skip.,checked prior: MyAbandonware page purchase/store-only
2002,4,The Legend of Zelda: A Link to the Past and Four Swords,Nintendo,GBA,95/100,91.74%,https://en.wikipedia.org/wiki/2002_in_video_games,console-title-private-media-only,owned physical media/ROM dump only; no public ROM downloads,private-emulator-vault-only,Only evaluate if Dylan supplies private dumps; keep out of Git/public catalog.,Top-10 seed from Wikipedia review-score table.
2002,5,Madden NFL 2003,EA Sports,PS2,95/100,91.2%,https://en.wikipedia.org/wiki/2002_in_video_games,console-title-private-media-only,owned physical media/ROM dump only; no public ROM downloads,private-emulator-vault-only,Only evaluate if Dylan supplies private dumps; keep out of Git/public catalog.,Top-10 seed from Wikipedia review-score table.
2002,6,Tony Hawk's Pro Skater 4,Activision,PS2,94/100,92.53%,https://en.wikipedia.org/wiki/2002_in_video_games,matched-prior-verified-page-visible-private,https://www.myabandonware.com/game/tony-hawk-s-pro-skater-4-cn6,private-classic-sports,Wine/Windows VM; Start first skate session offline,Matched prior sweep evidence: Visible download parsed: 392 MB
2002,7,Virtua Fighter 4,Sega,PS2,94/100,91.33%,https://en.wikipedia.org/wiki/2002_in_video_games,console-title-private-media-only,owned physical media/ROM dump only; no public ROM downloads,private-emulator-vault-only,Only evaluate if Dylan supplies private dumps; keep out of Git/public catalog.,Top-10 seed from Wikipedia review-score table.
2002,8,Grand Theft Auto III,Rockstar Games,WIN,93/100,93.54%,https://en.wikipedia.org/wiki/2002_in_video_games,known-fail-store-or-private-only,store/private-owned-files only,blocked-unless-private-files,Only test if Dylan supplies owned installer/media; otherwise skip.,checked prior: MyAbandonware page purchase/store-only
2002,9,Warcraft III: Reign of Chaos,Blizzard Entertainment,WIN,92/100,93.02%,https://en.wikipedia.org/wiki/2002_in_video_games,pc-classic-source-probe-needed,try MyAbandonware/direct official patches/Internet Archive metadata only; verify visible download before acquisition,private-classic-candidate,"If a full-game download is visible, cache one selected file privately and smoke under DOSBox/Wine with network blocked.",Top-10 seed from Wikipedia review-score table.
2002,10,Tom Clancy's Splinter Cell,Ubisoft,XB,93/100,92.49%,https://en.wikipedia.org/wiki/2002_in_video_games,console-title-private-media-only,owned physical media/ROM dump only; no public ROM downloads,private-emulator-vault-only,Only evaluate if Dylan supplies private dumps; keep out of Git/public catalog.,Top-10 seed from Wikipedia review-score table.
2003,1,Grand Theft Auto Double Pack,Rockstar Games,XB,96/100,94.6%,https://en.wikipedia.org/wiki/2003_in_video_games,console-title-private-media-only,owned physical media/ROM dump only; no public ROM downloads,private-emulator-vault-only,Only evaluate if Dylan supplies private dumps; keep out of Git/public catalog.,Top-10 seed from Wikipedia review-score table.
2003,2,The Legend of Zelda Collector's Edition,Nintendo,GCN,95/100,92.17%,https://en.wikipedia.org/wiki/2003_in_video_games,console-title-private-media-only,owned physical media/ROM dump only; no public ROM downloads,private-emulator-vault-only,Only evaluate if Dylan supplies private dumps; keep out of Git/public catalog.,Top-10 seed from Wikipedia review-score table.
2003,3,Championship Manager 4,Eidos Interactive,WIN,N/A,95%,https://en.wikipedia.org/wiki/2003_in_video_games,pc-classic-source-probe-needed,try MyAbandonware/direct official patches/Internet Archive metadata only; verify visible download before acquisition,private-classic-candidate,"If a full-game download is visible, cache one selected file privately and smoke under DOSBox/Wine with network blocked.",Top-10 seed from Wikipedia review-score table.
2003,4,Grand Theft Auto: Vice City,Rockstar Games,WIN,94/100,94.39%,https://en.wikipedia.org/wiki/2003_in_video_games,known-fail-store-or-private-only,store/private-owned-files only,blocked-unless-private-files,Only test if Dylan supplies owned installer/media; otherwise skip.,checked prior: MyAbandonware page purchase/store-only
2003,5,Star Wars: Knights of the Old Republic,LucasArts,XB,94/100,94.21%,https://en.wikipedia.org/wiki/2003_in_video_games,console-title-private-media-only,owned physical media/ROM dump only; no public ROM downloads,private-emulator-vault-only,Only evaluate if Dylan supplies private dumps; keep out of Git/public catalog.,Top-10 seed from Wikipedia review-score table.
2003,6,NCAA Football 2004,EA Sports,PS2,94/100,93.27%,https://en.wikipedia.org/wiki/2003_in_video_games,console-title-private-media-only,owned physical media/ROM dump only; no public ROM downloads,private-emulator-vault-only,Only evaluate if Dylan supplies private dumps; keep out of Git/public catalog.,Top-10 seed from Wikipedia review-score table.
2003,7,Super Mario Advance 4: Super Mario Bros. 3,Nintendo,GBA,94/100,92.25%,https://en.wikipedia.org/wiki/2003_in_video_games,console-title-private-media-only,owned physical media/ROM dump only; no public ROM downloads,private-emulator-vault-only,Only evaluate if Dylan supplies private dumps; keep out of Git/public catalog.,Top-10 seed from Wikipedia review-score table.
2003,8,Madden NFL 2004,EA Sports,PS2,94/100,91.77%,https://en.wikipedia.org/wiki/2003_in_video_games,console-title-private-media-only,owned physical media/ROM dump only; no public ROM downloads,private-emulator-vault-only,Only evaluate if Dylan supplies private dumps; keep out of Git/public catalog.,Top-10 seed from Wikipedia review-score table.
2003,9,Pro Evolution Soccer 3,Konami,WIN,92/100 [ 27 ],93.33% [ 28 ],https://en.wikipedia.org/wiki/2003_in_video_games,pc-classic-source-probe-needed,try MyAbandonware/direct official patches/Internet Archive metadata only; verify visible download before acquisition,private-classic-candidate,"If a full-game download is visible, cache one selected file privately and smoke under DOSBox/Wine with network blocked.",Top-10 seed from Wikipedia review-score table.
2003,10,Project Gotham Racing 2,Microsoft Game Studios,XB,90/100,93.16%,https://en.wikipedia.org/wiki/2003_in_video_games,console-title-private-media-only,owned physical media/ROM dump only; no public ROM downloads,private-emulator-vault-only,Only evaluate if Dylan supplies private dumps; keep out of Git/public catalog.,Top-10 seed from Wikipedia review-score table.
2004,1,Half-Life 2,Valve,WIN,96/100,95.48%,https://en.wikipedia.org/wiki/2004_in_video_games,pc-classic-source-probe-needed,try MyAbandonware/direct official patches/Internet Archive metadata only; verify visible download before acquisition,private-classic-candidate,"If a full-game download is visible, cache one selected file privately and smoke under DOSBox/Wine with network blocked.",Top-10 seed from Wikipedia review-score table.
2004,2,Grand Theft Auto: San Andreas,Rockstar Games,PS2,95/100,95.08%,https://en.wikipedia.org/wiki/2004_in_video_games,known-fail-store-or-private-only,store/private-owned-files only,blocked-unless-private-files,Only test if Dylan supplies owned installer/media; otherwise skip.,known commercial store-only in current lane; do not download unless Dylan supplies files
2004,3,Halo 2,Microsoft Game Studios,XB,95/100,94.57%,https://en.wikipedia.org/wiki/2004_in_video_games,console-title-private-media-only,owned physical media/ROM dump only; no public ROM downloads,private-emulator-vault-only,Only evaluate if Dylan supplies private dumps; keep out of Git/public catalog.,Top-10 seed from Wikipedia review-score table.
2004,4,Burnout 3: Takedown,Electronic Arts,XB,94/100,93.06%,https://en.wikipedia.org/wiki/2004_in_video_games,console-title-private-media-only,owned physical media/ROM dump only; no public ROM downloads,private-emulator-vault-only,Only evaluate if Dylan supplies private dumps; keep out of Git/public catalog.,Top-10 seed from Wikipedia review-score table.
2004,5,Unreal Tournament 2004,Atari,WIN,93/100,92.57%,https://en.wikipedia.org/wiki/2004_in_video_games,pc-classic-source-probe-needed,try MyAbandonware/direct official patches/Internet Archive metadata only; verify visible download before acquisition,private-classic-candidate,"If a full-game download is visible, cache one selected file privately and smoke under DOSBox/Wine with network blocked.",Top-10 seed from Wikipedia review-score table.
2004,6,Tom Clancy's Splinter Cell: Pandora Tomorrow,Ubisoft,XB,93/100,92.37%,https://en.wikipedia.org/wiki/2004_in_video_games,console-title-private-media-only,owned physical media/ROM dump only; no public ROM downloads,private-emulator-vault-only,Only evaluate if Dylan supplies private dumps; keep out of Git/public catalog.,Top-10 seed from Wikipedia review-score table.
2004,7,World of Warcraft,Blizzard Entertainment,WIN,93/100,91.89%,https://en.wikipedia.org/wiki/2004_in_video_games,pc-classic-source-probe-needed,try MyAbandonware/direct official patches/Internet Archive metadata only; verify visible download before acquisition,private-classic-candidate,"If a full-game download is visible, cache one selected file privately and smoke under DOSBox/Wine with network blocked.",Top-10 seed from Wikipedia review-score table.
2004,8,Ninja Gaiden,Tecmo,XB,91/100,92.54%,https://en.wikipedia.org/wiki/2004_in_video_games,console-title-private-media-only,owned physical media/ROM dump only; no public ROM downloads,private-emulator-vault-only,Only evaluate if Dylan supplies private dumps; keep out of Git/public catalog.,Top-10 seed from Wikipedia review-score table.
2004,9,Metroid Prime 2: Echoes,Nintendo,GCN,92/100,91.87%,https://en.wikipedia.org/wiki/2004_in_video_games,console-title-private-media-only,owned physical media/ROM dump only; no public ROM downloads,private-emulator-vault-only,Only evaluate if Dylan supplies private dumps; keep out of Git/public catalog.,Top-10 seed from Wikipedia review-score table.
2004,10,Rome: Total War,Activision,WIN,92/100,91.75%,https://en.wikipedia.org/wiki/2004_in_video_games,pc-classic-source-probe-needed,try MyAbandonware/direct official patches/Internet Archive metadata only; verify visible download before acquisition,private-classic-candidate,"If a full-game download is visible, cache one selected file privately and smoke under DOSBox/Wine with network blocked.",Top-10 seed from Wikipedia review-score table.
2005,1,Resident Evil 4,Capcom,PS2,96/100,95.85%,https://en.wikipedia.org/wiki/2005_in_video_games,console-title-private-media-only,owned physical media/ROM dump only; no public ROM downloads,private-emulator-vault-only,Only evaluate if Dylan supplies private dumps; keep out of Git/public catalog.,Top-10 seed from Wikipedia review-score table.
2005,2,Ninja Gaiden Black,Tecmo,XBOX,94/100,94.76%,https://en.wikipedia.org/wiki/2005_in_video_games,console-title-private-media-only,owned physical media/ROM dump only; no public ROM downloads,private-emulator-vault-only,Only evaluate if Dylan supplies private dumps; keep out of Git/public catalog.,Top-10 seed from Wikipedia review-score table.
2005,3,Tom Clancy's Splinter Cell: Chaos Theory,Ubisoft,XBOX,94/100,94.02%,https://en.wikipedia.org/wiki/2005_in_video_games,console-title-private-media-only,owned physical media/ROM dump only; no public ROM downloads,private-emulator-vault-only,Only evaluate if Dylan supplies private dumps; keep out of Git/public catalog.,Top-10 seed from Wikipedia review-score table.
2005,4,God of War,Sony Computer Entertainment,PS2,94/100,93.58%,https://en.wikipedia.org/wiki/2005_in_video_games,console-title-private-media-only,owned physical media/ROM dump only; no public ROM downloads,private-emulator-vault-only,Only evaluate if Dylan supplies private dumps; keep out of Git/public catalog.,Top-10 seed from Wikipedia review-score table.
2005,5,Civilization IV,2K Games,WIN,94/100,93.36%,https://en.wikipedia.org/wiki/2005_in_video_games,pc-classic-source-probe-needed,try MyAbandonware/direct official patches/Internet Archive metadata only; verify visible download before acquisition,private-classic-candidate,"If a full-game download is visible, cache one selected file privately and smoke under DOSBox/Wine with network blocked.",Top-10 seed from Wikipedia review-score table.
2005,6,Metal Gear Solid 3: Subsistence,Konami,PS2,94/100 [ 3 ],92.97% [ 4 ],https://en.wikipedia.org/wiki/2005_in_video_games,console-title-private-media-only,owned physical media/ROM dump only; no public ROM downloads,private-emulator-vault-only,Only evaluate if Dylan supplies private dumps; keep out of Git/public catalog.,Top-10 seed from Wikipedia review-score table.
2005,7,Forza Motorsport,Microsoft Game Studios,XBOX,92/100,93.05%,https://en.wikipedia.org/wiki/2005_in_video_games,console-title-private-media-only,owned physical media/ROM dump only; no public ROM downloads,private-emulator-vault-only,Only evaluate if Dylan supplies private dumps; keep out of Git/public catalog.,Top-10 seed from Wikipedia review-score table.
2005,8,Grand Theft Auto: San Andreas,Rockstar Games,XBOX,93/100,92.29%,https://en.wikipedia.org/wiki/2005_in_video_games,known-fail-store-or-private-only,store/private-owned-files only,blocked-unless-private-files,Only test if Dylan supplies owned installer/media; otherwise skip.,known commercial store-only in current lane; do not download unless Dylan supplies files
2005,9,Guitar Hero,RedOctane,PS2,91/100,91.96%,https://en.wikipedia.org/wiki/2005_in_video_games,console-title-private-media-only,owned physical media/ROM dump only; no public ROM downloads,private-emulator-vault-only,Only evaluate if Dylan supplies private dumps; keep out of Git/public catalog.,Top-10 seed from Wikipedia review-score table.
2005,10,Shadow of the Colossus,Sony Computer Entertainment,PS2,91/100,91.43%,https://en.wikipedia.org/wiki/2005_in_video_games,console-title-private-media-only,owned physical media/ROM dump only; no public ROM downloads,private-emulator-vault-only,Only evaluate if Dylan supplies private dumps; keep out of Git/public catalog.,Top-10 seed from Wikipedia review-score table.
2006,1,The Legend of Zelda: Twilight Princess,Nintendo,GCN,96/100,95%,https://en.wikipedia.org/wiki/2006_in_video_games,console-title-private-media-only,owned physical media/ROM dump only; no public ROM downloads,private-emulator-vault-only,Only evaluate if Dylan supplies private dumps; keep out of Git/public catalog.,Top-10 seed from Wikipedia review-score table.
2006,2,Gears of War,Microsoft Game Studios,XB360,94/100,93.97%,https://en.wikipedia.org/wiki/2006_in_video_games,console-title-private-media-only,owned physical media/ROM dump only; no public ROM downloads,private-emulator-vault-only,Only evaluate if Dylan supplies private dumps; keep out of Git/public catalog.,Top-10 seed from Wikipedia review-score table.
2006,3,The Elder Scrolls IV: Oblivion,2K Games,XB360,94/100,93.85%,https://en.wikipedia.org/wiki/2006_in_video_games,console-title-private-media-only,owned physical media/ROM dump only; no public ROM downloads,private-emulator-vault-only,Only evaluate if Dylan supplies private dumps; keep out of Git/public catalog.,Top-10 seed from Wikipedia review-score table.
2006,4,Company of Heroes,THQ,WIN,93/100,93.93%,https://en.wikipedia.org/wiki/2006_in_video_games,pc-classic-source-probe-needed,try MyAbandonware/direct official patches/Internet Archive metadata only; verify visible download before acquisition,private-classic-candidate,"If a full-game download is visible, cache one selected file privately and smoke under DOSBox/Wine with network blocked.",Top-10 seed from Wikipedia review-score table.
2006,5,Ōkami,Capcom,PS2,93/100,92.65%,https://en.wikipedia.org/wiki/2006_in_video_games,console-title-private-media-only,owned physical media/ROM dump only; no public ROM downloads,private-emulator-vault-only,Only evaluate if Dylan supplies private dumps; keep out of Git/public catalog.,Top-10 seed from Wikipedia review-score table.
2006,6,Guitar Hero II,RedOctane,PS2,92/100,92.07%,https://en.wikipedia.org/wiki/2006_in_video_games,console-title-private-media-only,owned physical media/ROM dump only; no public ROM downloads,private-emulator-vault-only,Only evaluate if Dylan supplies private dumps; keep out of Git/public catalog.,Top-10 seed from Wikipedia review-score table.
2006,7,Final Fantasy VI Advance,Square Enix,GBA,92/100 [ 3 ],91.02% [ 4 ],https://en.wikipedia.org/wiki/2006_in_video_games,console-title-private-media-only,owned physical media/ROM dump only; no public ROM downloads,private-emulator-vault-only,Only evaluate if Dylan supplies private dumps; keep out of Git/public catalog.,Top-10 seed from Wikipedia review-score table.
2006,8,Final Fantasy XII,Square Enix,PS2,92/100,90.77%,https://en.wikipedia.org/wiki/2006_in_video_games,console-title-private-media-only,owned physical media/ROM dump only; no public ROM downloads,private-emulator-vault-only,Only evaluate if Dylan supplies private dumps; keep out of Git/public catalog.,Top-10 seed from Wikipedia review-score table.
2006,9,Tom Clancy's Ghost Recon Advanced Warfighter,Ubisoft,XB360,90/100,90.47%,https://en.wikipedia.org/wiki/2006_in_video_games,console-title-private-media-only,owned physical media/ROM dump only; no public ROM downloads,private-emulator-vault-only,Only evaluate if Dylan supplies private dumps; keep out of Git/public catalog.,Top-10 seed from Wikipedia review-score table.
2006,10,GTR 2 – FIA GT Racing Game,10tacle Studios,WIN,90/100,89.4%,https://en.wikipedia.org/wiki/2006_in_video_games,pc-classic-source-probe-needed,try MyAbandonware/direct official patches/Internet Archive metadata only; verify visible download before acquisition,private-classic-candidate,"If a full-game download is visible, cache one selected file privately and smoke under DOSBox/Wine with network blocked.",Top-10 seed from Wikipedia review-score table.
2007,1,Super Mario Galaxy,Nintendo,Wii,97/100,97.64%,https://en.wikipedia.org/wiki/2007_in_video_games,console-title-private-media-only,owned physical media/ROM dump only; no public ROM downloads,private-emulator-vault-only,Only evaluate if Dylan supplies private dumps; keep out of Git/public catalog.,Top-10 seed from Wikipedia review-score table.
2007,2,The Orange Box,Valve,X360,96/100,96.36%,https://en.wikipedia.org/wiki/2007_in_video_games,console-title-private-media-only,owned physical media/ROM dump only; no public ROM downloads,private-emulator-vault-only,Only evaluate if Dylan supplies private dumps; keep out of Git/public catalog.,Top-10 seed from Wikipedia review-score table.
2007,3,BioShock,2K Games,X360,96/100,95.07%,https://en.wikipedia.org/wiki/2007_in_video_games,console-title-private-media-only,owned physical media/ROM dump only; no public ROM downloads,private-emulator-vault-only,Only evaluate if Dylan supplies private dumps; keep out of Git/public catalog.,Top-10 seed from Wikipedia review-score table.
2007,4,Call of Duty 4: Modern Warfare,Activision,X360,94/100,94.16%,https://en.wikipedia.org/wiki/2007_in_video_games,console-title-private-media-only,owned physical media/ROM dump only; no public ROM downloads,private-emulator-vault-only,Only evaluate if Dylan supplies private dumps; keep out of Git/public catalog.,Top-10 seed from Wikipedia review-score table.
2007,5,Halo 3,Microsoft Game Studios,X360,94/100,93.53%,https://en.wikipedia.org/wiki/2007_in_video_games,console-title-private-media-only,owned physical media/ROM dump only; no public ROM downloads,private-emulator-vault-only,Only evaluate if Dylan supplies private dumps; keep out of Git/public catalog.,Top-10 seed from Wikipedia review-score table.
2007,6,The Elder Scrolls IV: Oblivion,Bethesda Softworks,PS3,93/100,92.98%,https://en.wikipedia.org/wiki/2007_in_video_games,console-title-private-media-only,owned physical media/ROM dump only; no public ROM downloads,private-emulator-vault-only,Only evaluate if Dylan supplies private dumps; keep out of Git/public catalog.,Top-10 seed from Wikipedia review-score table.
2007,7,God of War II,Sony Computer Entertainment,PS2,93/100,92.68%,https://en.wikipedia.org/wiki/2007_in_video_games,console-title-private-media-only,owned physical media/ROM dump only; no public ROM downloads,private-emulator-vault-only,Only evaluate if Dylan supplies private dumps; keep out of Git/public catalog.,Top-10 seed from Wikipedia review-score table.
2007,8,Galactic Civilizations II: Dark Avatar,Stardock,WIN,91/100,92.61%,https://en.wikipedia.org/wiki/2007_in_video_games,pc-classic-source-probe-needed,try MyAbandonware/direct official patches/Internet Archive metadata only; verify visible download before acquisition,private-classic-candidate,"If a full-game download is visible, cache one selected file privately and smoke under DOSBox/Wine with network blocked.",Top-10 seed from Wikipedia review-score table.
2007,9,Team Fortress 2,Valve,WIN,92/100,92.6%,https://en.wikipedia.org/wiki/2007_in_video_games,free-to-play-online,official project/store source needed,official-free-or-commercial-indie,"Official free on Steam, but online/service dependency makes it poor offline target",Known open/free/commercial indie classification; verify exact source before caching.
2007,10,Guitar Hero II,Activision,X360,92/100,92.3%,https://en.wikipedia.org/wiki/2007_in_video_games,console-title-private-media-only,owned physical media/ROM dump only; no public ROM downloads,private-emulator-vault-only,Only evaluate if Dylan supplies private dumps; keep out of Git/public catalog.,Top-10 seed from Wikipedia review-score table.
2008,1,Grand Theft Auto IV,Rockstar Games,PS3,98/100,97.04%,https://en.wikipedia.org/wiki/2008_in_video_games,console-title-private-media-only,owned physical media/ROM dump only; no public ROM downloads,private-emulator-vault-only,Only evaluate if Dylan supplies private dumps; keep out of Git/public catalog.,Top-10 seed from Wikipedia review-score table.
2008,2,LittleBigPlanet,Sony Computer Entertainment,PS3,95/100,94.75%,https://en.wikipedia.org/wiki/2008_in_video_games,console-title-private-media-only,owned physical media/ROM dump only; no public ROM downloads,private-emulator-vault-only,Only evaluate if Dylan supplies private dumps; keep out of Git/public catalog.,Top-10 seed from Wikipedia review-score table.
2008,3,World of Goo,2D Boy,Wii,94/100,94.04%,https://en.wikipedia.org/wiki/2008_in_video_games,commercial-indie-store,official project/store source needed,official-free-or-commercial-indie,"DRM-free purchase may exist on official/Humble/GOG, not free; offline likely after purchase",Known open/free/commercial indie classification; verify exact source before caching.
2008,4,BioShock,2K Games,PS3,94/100,93.66%,https://en.wikipedia.org/wiki/2008_in_video_games,console-title-private-media-only,owned physical media/ROM dump only; no public ROM downloads,private-emulator-vault-only,Only evaluate if Dylan supplies private dumps; keep out of Git/public catalog.,Top-10 seed from Wikipedia review-score table.
2008,5,Metal Gear Solid 4: Guns of the Patriots,Konami,PS3,94/100,93.53%,https://en.wikipedia.org/wiki/2008_in_video_games,console-title-private-media-only,owned physical media/ROM dump only; no public ROM downloads,private-emulator-vault-only,Only evaluate if Dylan supplies private dumps; keep out of Git/public catalog.,Top-10 seed from Wikipedia review-score table.
2008,6,Gears of War 2,Microsoft Game Studios,X360,93/100,93.32%,https://en.wikipedia.org/wiki/2008_in_video_games,console-title-private-media-only,owned physical media/ROM dump only; no public ROM downloads,private-emulator-vault-only,Only evaluate if Dylan supplies private dumps; keep out of Git/public catalog.,Top-10 seed from Wikipedia review-score table.
2008,7,Fallout 3,Bethesda Softworks,X360,93/100,92.85%,https://en.wikipedia.org/wiki/2008_in_video_games,console-title-private-media-only,owned physical media/ROM dump only; no public ROM downloads,private-emulator-vault-only,Only evaluate if Dylan supplies private dumps; keep out of Git/public catalog.,Top-10 seed from Wikipedia review-score table.
2008,8,Super Smash Bros. Brawl,Nintendo,Wii,93/100,92.84%,https://en.wikipedia.org/wiki/2008_in_video_games,console-title-private-media-only,owned physical media/ROM dump only; no public ROM downloads,private-emulator-vault-only,Only evaluate if Dylan supplies private dumps; keep out of Git/public catalog.,Top-10 seed from Wikipedia review-score table.
2008,9,Braid,Number None,X360,93/100,92.15%,https://en.wikipedia.org/wiki/2008_in_video_games,console-title-private-media-only,owned physical media/ROM dump only; no public ROM downloads,private-emulator-vault-only,Only evaluate if Dylan supplies private dumps; keep out of Git/public catalog.,Top-10 seed from Wikipedia review-score table.
2008,10,Flipnote Studio,Nintendo,DS,93/100 [ 29 ],91% [ 30 ],https://en.wikipedia.org/wiki/2008_in_video_games,console-title-private-media-only,owned physical media/ROM dump only; no public ROM downloads,private-emulator-vault-only,Only evaluate if Dylan supplies private dumps; keep out of Git/public catalog.,Top-10 seed from Wikipedia review-score table.
2009,1,Uncharted 2: Among Thieves,Sony Computer Entertainment,PS3,96/100,96.43%,https://en.wikipedia.org/wiki/2009_in_video_games,console-title-private-media-only,owned physical media/ROM dump only; no public ROM downloads,private-emulator-vault-only,Only evaluate if Dylan supplies private dumps; keep out of Git/public catalog.,Top-10 seed from Wikipedia review-score table.
2009,2,Fallout 3: Game of the Year Edition,Bethesda Softworks,PS3,N/A,95.4%,https://en.wikipedia.org/wiki/2009_in_video_games,console-title-private-media-only,owned physical media/ROM dump only; no public ROM downloads,private-emulator-vault-only,Only evaluate if Dylan supplies private dumps; keep out of Git/public catalog.,Top-10 seed from Wikipedia review-score table.
2009,3,LittleBigPlanet: Game of the Year Edition,Sony Computer Entertainment,PS3,N/A,94.57%,https://en.wikipedia.org/wiki/2009_in_video_games,console-title-private-media-only,owned physical media/ROM dump only; no public ROM downloads,private-emulator-vault-only,Only evaluate if Dylan supplies private dumps; keep out of Git/public catalog.,Top-10 seed from Wikipedia review-score table.
2009,4,Street Fighter IV,Capcom,PS3,94/100,93.64%,https://en.wikipedia.org/wiki/2009_in_video_games,console-title-private-media-only,owned physical media/ROM dump only; no public ROM downloads,private-emulator-vault-only,Only evaluate if Dylan supplies private dumps; keep out of Git/public catalog.,Top-10 seed from Wikipedia review-score table.
2009,5,Call of Duty: Modern Warfare 2,Activision,X360,94/100,93.57%,https://en.wikipedia.org/wiki/2009_in_video_games,console-title-private-media-only,owned physical media/ROM dump only; no public ROM downloads,private-emulator-vault-only,Only evaluate if Dylan supplies private dumps; keep out of Git/public catalog.,Top-10 seed from Wikipedia review-score table.
2009,6,Braid,Number None,PS3,93/100,93.11%,https://en.wikipedia.org/wiki/2009_in_video_games,console-title-private-media-only,owned physical media/ROM dump only; no public ROM downloads,private-emulator-vault-only,Only evaluate if Dylan supplies private dumps; keep out of Git/public catalog.,Top-10 seed from Wikipedia review-score table.
2009,7,Minecraft,Mojang,WIN,93/100,92.79%,https://en.wikipedia.org/wiki/2009_in_video_games,modern-commercial-likely-store-only,Steam/GOG/Epic/official store or Dylan-owned installer likely; search for official freeware only if plausible,blocked-unless-official-free-or-private-files,Do not acquire from random mirrors; only test after official/free source or Dylan-supplied installer.,Top-10 seed from Wikipedia review-score table.
2009,8,Grand Theft Auto: Chinatown Wars,Rockstar Games,DS,93/100,92.71%,https://en.wikipedia.org/wiki/2009_in_video_games,console-title-private-media-only,owned physical media/ROM dump only; no public ROM downloads,private-emulator-vault-only,Only evaluate if Dylan supplies private dumps; keep out of Git/public catalog.,Top-10 seed from Wikipedia review-score table.
2009,9,Metroid Prime: Trilogy,Nintendo,Wii,91/100,92.35%,https://en.wikipedia.org/wiki/2009_in_video_games,console-title-private-media-only,owned physical media/ROM dump only; no public ROM downloads,private-emulator-vault-only,Only evaluate if Dylan supplies private dumps; keep out of Git/public catalog.,Top-10 seed from Wikipedia review-score table.
2009,10,Batman: Arkham Asylum,Eidos Interactive,X360,92/100,92.34%,https://en.wikipedia.org/wiki/2009_in_video_games,console-title-private-media-only,owned physical media/ROM dump only; no public ROM downloads,private-emulator-vault-only,Only evaluate if Dylan supplies private dumps; keep out of Git/public catalog.,Top-10 seed from Wikipedia review-score table.
2010,1,Super Mario Galaxy 2,Nintendo,Wii,97/100,97.35%,https://en.wikipedia.org/wiki/2010_in_video_games,console-title-private-media-only,owned physical media/ROM dump only; no public ROM downloads,private-emulator-vault-only,Only evaluate if Dylan supplies private dumps; keep out of Git/public catalog.,Top-10 seed from Wikipedia review-score table.
2010,2,Mass Effect 2,Electronic Arts,X360,96/100,95.77%,https://en.wikipedia.org/wiki/2010_in_video_games,console-title-private-media-only,owned physical media/ROM dump only; no public ROM downloads,private-emulator-vault-only,Only evaluate if Dylan supplies private dumps; keep out of Git/public catalog.,Top-10 seed from Wikipedia review-score table.
2010,3,Red Dead Redemption,Rockstar Games,PS3,95/100,94.66%,https://en.wikipedia.org/wiki/2010_in_video_games,console-title-private-media-only,owned physical media/ROM dump only; no public ROM downloads,private-emulator-vault-only,Only evaluate if Dylan supplies private dumps; keep out of Git/public catalog.,Top-10 seed from Wikipedia review-score table.
2010,4,StarCraft II: Wings of Liberty,Blizzard Entertainment,WIN,93/100,92.44%,https://en.wikipedia.org/wiki/2010_in_video_games,modern-commercial-likely-store-only,Steam/GOG/Epic/official store or Dylan-owned installer likely; search for official freeware only if plausible,blocked-unless-official-free-or-private-files,Do not acquire from random mirrors; only test after official/free source or Dylan-supplied installer.,Top-10 seed from Wikipedia review-score table.
2010,5,Rock Band 3,MTV Games,X360,93/100,92.44%,https://en.wikipedia.org/wiki/2010_in_video_games,console-title-private-media-only,owned physical media/ROM dump only; no public ROM downloads,private-emulator-vault-only,Only evaluate if Dylan supplies private dumps; keep out of Git/public catalog.,Top-10 seed from Wikipedia review-score table.
2010,6,Pac-Man Championship Edition DX,Namco Bandai Games,X360,93/100,90.88%,https://en.wikipedia.org/wiki/2010_in_video_games,console-title-private-media-only,owned physical media/ROM dump only; no public ROM downloads,private-emulator-vault-only,Only evaluate if Dylan supplies private dumps; keep out of Git/public catalog.,Top-10 seed from Wikipedia review-score table.
2010,7,God of War III,Sony Computer Entertainment,PS3,92/100,92.07%,https://en.wikipedia.org/wiki/2010_in_video_games,console-title-private-media-only,owned physical media/ROM dump only; no public ROM downloads,private-emulator-vault-only,Only evaluate if Dylan supplies private dumps; keep out of Git/public catalog.,Top-10 seed from Wikipedia review-score table.
2010,8,Xenoblade Chronicles,Nintendo,Wii,92/100 [ 12 ],91.74% [ 13 ],https://en.wikipedia.org/wiki/2010_in_video_games,console-title-private-media-only,owned physical media/ROM dump only; no public ROM downloads,private-emulator-vault-only,Only evaluate if Dylan supplies private dumps; keep out of Git/public catalog.,Top-10 seed from Wikipedia review-score table.
2010,9,Super Street Fighter IV,Capcom,PS3,92/100,91.23%,https://en.wikipedia.org/wiki/2010_in_video_games,console-title-private-media-only,owned physical media/ROM dump only; no public ROM downloads,private-emulator-vault-only,Only evaluate if Dylan supplies private dumps; keep out of Git/public catalog.,Top-10 seed from Wikipedia review-score table.
2010,10,Halo: Reach,Microsoft Game Studios,X360,91/100,91.79%,https://en.wikipedia.org/wiki/2010_in_video_games,console-title-private-media-only,owned physical media/ROM dump only; no public ROM downloads,private-emulator-vault-only,Only evaluate if Dylan supplies private dumps; keep out of Git/public catalog.,Top-10 seed from Wikipedia review-score table.
2011,1,Batman: Arkham City,Warner Bros. Interactive Entertainment,PS3,96/100,95.94%,https://en.wikipedia.org/wiki/2011_in_video_games,console-title-private-media-only,owned physical media/ROM dump only; no public ROM downloads,private-emulator-vault-only,Only evaluate if Dylan supplies private dumps; keep out of Git/public catalog.,Top-10 seed from Wikipedia review-score table.
2011,2,The Elder Scrolls V: Skyrim,Bethesda Softworks,X360,96/100,95.15%,https://en.wikipedia.org/wiki/2011_in_video_games,console-title-private-media-only,owned physical media/ROM dump only; no public ROM downloads,private-emulator-vault-only,Only evaluate if Dylan supplies private dumps; keep out of Git/public catalog.,Top-10 seed from Wikipedia review-score table.
2011,3,Portal 2,Valve,WIN,95/100,95.16%,https://en.wikipedia.org/wiki/2011_in_video_games,modern-commercial-likely-store-only,Steam/GOG/Epic/official store or Dylan-owned installer likely; search for official freeware only if plausible,blocked-unless-official-free-or-private-files,Do not acquire from random mirrors; only test after official/free source or Dylan-supplied installer.,Top-10 seed from Wikipedia review-score table.
2011,4,The Legend of Zelda: Ocarina of Time 3D,Nintendo,3DS,94/100,93.89%,https://en.wikipedia.org/wiki/2011_in_video_games,console-title-private-media-only,owned physical media/ROM dump only; no public ROM downloads,private-emulator-vault-only,Only evaluate if Dylan supplies private dumps; keep out of Git/public catalog.,Top-10 seed from Wikipedia review-score table.
2011,5,Mass Effect 2,Electronic Arts,PS3,94/100,93.09%,https://en.wikipedia.org/wiki/2011_in_video_games,console-title-private-media-only,owned physical media/ROM dump only; no public ROM downloads,private-emulator-vault-only,Only evaluate if Dylan supplies private dumps; keep out of Git/public catalog.,Top-10 seed from Wikipedia review-score table.
2011,6,The Legend of Zelda: Skyward Sword,Nintendo,Wii,93/100,93.15%,https://en.wikipedia.org/wiki/2011_in_video_games,console-title-private-media-only,owned physical media/ROM dump only; no public ROM downloads,private-emulator-vault-only,Only evaluate if Dylan supplies private dumps; keep out of Git/public catalog.,Top-10 seed from Wikipedia review-score table.
2011,7,LittleBigPlanet 2,Sony Computer Entertainment,PS3,91/100,92.04%,https://en.wikipedia.org/wiki/2011_in_video_games,console-title-private-media-only,owned physical media/ROM dump only; no public ROM downloads,private-emulator-vault-only,Only evaluate if Dylan supplies private dumps; keep out of Git/public catalog.,Top-10 seed from Wikipedia review-score table.
2011,8,The Ico & Shadow of the Colossus Collection,Sony Computer Entertainment,PS3,92/100,91.79%,https://en.wikipedia.org/wiki/2011_in_video_games,console-title-private-media-only,owned physical media/ROM dump only; no public ROM downloads,private-emulator-vault-only,Only evaluate if Dylan supplies private dumps; keep out of Git/public catalog.,Top-10 seed from Wikipedia review-score table.
2011,9,Uncharted 3: Drake's Deception,Sony Computer Entertainment,PS3,92/100,91.78%,https://en.wikipedia.org/wiki/2011_in_video_games,console-title-private-media-only,owned physical media/ROM dump only; no public ROM downloads,private-emulator-vault-only,Only evaluate if Dylan supplies private dumps; keep out of Git/public catalog.,Top-10 seed from Wikipedia review-score table.
2011,10,Rayman Origins,Ubisoft,Wii,92/100,91.27%,https://en.wikipedia.org/wiki/2011_in_video_games,console-title-private-media-only,owned physical media/ROM dump only; no public ROM downloads,private-emulator-vault-only,Only evaluate if Dylan supplies private dumps; keep out of Git/public catalog.,Top-10 seed from Wikipedia review-score table.
2012,1,The Walking Dead: Episode 5 – No Time Left,Telltale Games,WIN,89/100,94.75%,https://en.wikipedia.org/wiki/2012_in_video_games,modern-commercial-likely-store-only,Steam/GOG/Epic/official store or Dylan-owned installer likely; search for official freeware only if plausible,blocked-unless-official-free-or-private-files,Do not acquire from random mirrors; only test after official/free source or Dylan-supplied installer.,Top-10 seed from Wikipedia review-score table.
2012,2,Persona 4 Golden,Atlus,PSV,93/100,94.16%,https://en.wikipedia.org/wiki/2012_in_video_games,console-title-private-media-only,owned physical media/ROM dump only; no public ROM downloads,private-emulator-vault-only,Only evaluate if Dylan supplies private dumps; keep out of Git/public catalog.,Top-10 seed from Wikipedia review-score table.
2012,3,The Walking Dead: A Telltale Games Series,Telltale Games,PS3,94/100,92.5%,https://en.wikipedia.org/wiki/2012_in_video_games,console-title-private-media-only,owned physical media/ROM dump only; no public ROM downloads,private-emulator-vault-only,Only evaluate if Dylan supplies private dumps; keep out of Git/public catalog.,Top-10 seed from Wikipedia review-score table.
2012,4,Mark of the Ninja,Microsoft Studios,WIN,91/100,93.33%,https://en.wikipedia.org/wiki/2012_in_video_games,modern-commercial-likely-store-only,Steam/GOG/Epic/official store or Dylan-owned installer likely; search for official freeware only if plausible,blocked-unless-official-free-or-private-files,Do not acquire from random mirrors; only test after official/free source or Dylan-supplied installer.,Top-10 seed from Wikipedia review-score table.
2012,5,Super Hexagon,Terry Cavanagh,WIN,88/100,93.33% [ 16 ],https://en.wikipedia.org/wiki/2012_in_video_games,commercial-indie-store,official project/store source needed,official-free-or-commercial-indie,"Paid commercial; offline after purchase likely, not free source",Known open/free/commercial indie classification; verify exact source before caching.
2012,6,Mass Effect 3,Electronic Arts,X360,93/100,92.17%,https://en.wikipedia.org/wiki/2012_in_video_games,console-title-private-media-only,owned physical media/ROM dump only; no public ROM downloads,private-emulator-vault-only,Only evaluate if Dylan supplies private dumps; keep out of Git/public catalog.,Top-10 seed from Wikipedia review-score table.
2012,7,Cave Story,Nicalis,3DS,93/100,92%,https://en.wikipedia.org/wiki/2012_in_video_games,official-free,official project/store source needed,official-free-or-commercial-indie,Original freeware PC release exists; commercial ports are separate,Known open/free/commercial indie classification; verify exact source before caching.
2012,8,Journey,Sony Computer Entertainment,PS3,92/100,92.56%,https://en.wikipedia.org/wiki/2012_in_video_games,console-title-private-media-only,owned physical media/ROM dump only; no public ROM downloads,private-emulator-vault-only,Only evaluate if Dylan supplies private dumps; keep out of Git/public catalog.,Top-10 seed from Wikipedia review-score table.
2012,9,Fire Emblem Awakening,Nintendo,3DS,92/100 [ 17 ],92.52% [ 18 ],https://en.wikipedia.org/wiki/2012_in_video_games,console-title-private-media-only,owned physical media/ROM dump only; no public ROM downloads,private-emulator-vault-only,Only evaluate if Dylan supplies private dumps; keep out of Git/public catalog.,Top-10 seed from Wikipedia review-score table.
2012,10,Trials Evolution,Microsoft Studios,X360,90/100,91.52%,https://en.wikipedia.org/wiki/2012_in_video_games,console-title-private-media-only,owned physical media/ROM dump only; no public ROM downloads,private-emulator-vault-only,Only evaluate if Dylan supplies private dumps; keep out of Git/public catalog.,Top-10 seed from Wikipedia review-score table.
2013,1,Grand Theft Auto V,Rockstar Games,PS3,97/100,97.01%,https://en.wikipedia.org/wiki/2013_in_video_games,console-title-private-media-only,owned physical media/ROM dump only; no public ROM downloads,private-emulator-vault-only,Only evaluate if Dylan supplies private dumps; keep out of Git/public catalog.,Top-10 seed from Wikipedia review-score table.
2013,2,BioShock Infinite,2K Games,PS3,94/100,95.94%,https://en.wikipedia.org/wiki/2013_in_video_games,console-title-private-media-only,owned physical media/ROM dump only; no public ROM downloads,private-emulator-vault-only,Only evaluate if Dylan supplies private dumps; keep out of Git/public catalog.,Top-10 seed from Wikipedia review-score table.
2013,3,The Last of Us,Sony Computer Entertainment,PS3,95/100,95.09%,https://en.wikipedia.org/wiki/2013_in_video_games,console-title-private-media-only,owned physical media/ROM dump only; no public ROM downloads,private-emulator-vault-only,Only evaluate if Dylan supplies private dumps; keep out of Git/public catalog.,Top-10 seed from Wikipedia review-score table.
2013,4,Flower,Sony Computer Entertainment,PS4,91/100,93.57%,https://en.wikipedia.org/wiki/2013_in_video_games,console-title-private-media-only,owned physical media/ROM dump only; no public ROM downloads,private-emulator-vault-only,Only evaluate if Dylan supplies private dumps; keep out of Git/public catalog.,Top-10 seed from Wikipedia review-score table.
2013,5,Fez,Trapdoor,WIN,91/100,93.5%,https://en.wikipedia.org/wiki/2013_in_video_games,commercial-store,official project/store source needed,official-free-or-commercial-indie,Paid commercial; no free acquisition source,Known open/free/commercial indie classification; verify exact source before caching.
2013,6,Metal Gear Solid: The Legacy Collection,Konami,PS3,93/100,93.33% [ 12 ],https://en.wikipedia.org/wiki/2013_in_video_games,console-title-private-media-only,owned physical media/ROM dump only; no public ROM downloads,private-emulator-vault-only,Only evaluate if Dylan supplies private dumps; keep out of Git/public catalog.,Top-10 seed from Wikipedia review-score table.
2013,7,Brothers: A Tale of Two Sons,505 Games,WIN,90/100,93.12%,https://en.wikipedia.org/wiki/2013_in_video_games,modern-commercial-likely-store-only,Steam/GOG/Epic/official store or Dylan-owned installer likely; search for official freeware only if plausible,blocked-unless-official-free-or-private-files,Do not acquire from random mirrors; only test after official/free source or Dylan-supplied installer.,Top-10 seed from Wikipedia review-score table.
2013,8,Super Mario 3D World,Nintendo,WiiU,93/100,92.56%,https://en.wikipedia.org/wiki/2013_in_video_games,console-title-private-media-only,owned physical media/ROM dump only; no public ROM downloads,private-emulator-vault-only,Only evaluate if Dylan supplies private dumps; keep out of Git/public catalog.,Top-10 seed from Wikipedia review-score table.
2013,9,Rayman Legends,Ubisoft,WiiU,92/100,93%,https://en.wikipedia.org/wiki/2013_in_video_games,console-title-private-media-only,owned physical media/ROM dump only; no public ROM downloads,private-emulator-vault-only,Only evaluate if Dylan supplies private dumps; keep out of Git/public catalog.,Top-10 seed from Wikipedia review-score table.
2013,10,Deus Ex: Human Revolution – Director's Cut,Square Enix,WIN,91/100,92.5% [ 13 ],https://en.wikipedia.org/wiki/2013_in_video_games,modern-commercial-likely-store-only,Steam/GOG/Epic/official store or Dylan-owned installer likely; search for official freeware only if plausible,blocked-unless-official-free-or-private-files,Do not acquire from random mirrors; only test after official/free source or Dylan-supplied installer.,Top-10 seed from Wikipedia review-score table.
2014,1,Grand Theft Auto V,Rockstar Games,XBO,97/100,98.33%,https://en.wikipedia.org/wiki/2014_in_video_games,console-title-private-media-only,owned physical media/ROM dump only; no public ROM downloads,private-emulator-vault-only,Only evaluate if Dylan supplies private dumps; keep out of Git/public catalog.,Top-10 seed from Wikipedia review-score table.
2014,2,The Last of Us Remastered,Sony Computer Entertainment,PS4,95/100,95.7%,https://en.wikipedia.org/wiki/2014_in_video_games,console-title-private-media-only,owned physical media/ROM dump only; no public ROM downloads,private-emulator-vault-only,Only evaluate if Dylan supplies private dumps; keep out of Git/public catalog.,Top-10 seed from Wikipedia review-score table.
2014,3,Shovel Knight,Yacht Club Games,3DS,90/100,93.67%,https://en.wikipedia.org/wiki/2014_in_video_games,commercial-store,official project/store source needed,official-free-or-commercial-indie,Paid commercial; no free acquisition source,Known open/free/commercial indie classification; verify exact source before caching.
2014,4,Fez,Trapdoor,PSV,91/100,92.5% [ 13 ],https://en.wikipedia.org/wiki/2014_in_video_games,commercial-store,official project/store source needed,official-free-or-commercial-indie,Paid commercial; no free acquisition source,Known open/free/commercial indie classification; verify exact source before caching.
2014,5,Super Smash Bros. for Wii U,Nintendo,WiiU,92/100,92.39%,https://en.wikipedia.org/wiki/2014_in_video_games,console-title-private-media-only,owned physical media/ROM dump only; no public ROM downloads,private-emulator-vault-only,Only evaluate if Dylan supplies private dumps; keep out of Git/public catalog.,Top-10 seed from Wikipedia review-score table.
2014,6,Rayman Legends,Ubisoft,XBO,91/100,92.17%,https://en.wikipedia.org/wiki/2014_in_video_games,console-title-private-media-only,owned physical media/ROM dump only; no public ROM downloads,private-emulator-vault-only,Only evaluate if Dylan supplies private dumps; keep out of Git/public catalog.,Top-10 seed from Wikipedia review-score table.
2014,7,Bayonetta 2,Nintendo,WiiU,91/100,91.38%,https://en.wikipedia.org/wiki/2014_in_video_games,console-title-private-media-only,owned physical media/ROM dump only; no public ROM downloads,private-emulator-vault-only,Only evaluate if Dylan supplies private dumps; keep out of Git/public catalog.,Top-10 seed from Wikipedia review-score table.
2014,8,Diablo III: Ultimate Evil Edition,Blizzard Entertainment,PS4,90/100,91.25%,https://en.wikipedia.org/wiki/2014_in_video_games,console-title-private-media-only,owned physical media/ROM dump only; no public ROM downloads,private-emulator-vault-only,Only evaluate if Dylan supplies private dumps; keep out of Git/public catalog.,Top-10 seed from Wikipedia review-score table.
2014,9,Dark Souls II,Bandai Namco Games,PS3,91/100,89.68%,https://en.wikipedia.org/wiki/2014_in_video_games,console-title-private-media-only,owned physical media/ROM dump only; no public ROM downloads,private-emulator-vault-only,Only evaluate if Dylan supplies private dumps; keep out of Git/public catalog.,Top-10 seed from Wikipedia review-score table.
2014,10,Kentucky Route Zero – Act III,Cardboard Computer,WIN,91/100,89%,https://en.wikipedia.org/wiki/2014_in_video_games,modern-commercial-likely-store-only,Steam/GOG/Epic/official store or Dylan-owned installer likely; search for official freeware only if plausible,blocked-unless-official-free-or-private-files,Do not acquire from random mirrors; only test after official/free source or Dylan-supplied installer.,Top-10 seed from Wikipedia review-score table.
2015,1,Grand Theft Auto V,Rockstar Games,WIN,96/100,95.07%,https://en.wikipedia.org/wiki/2015_in_video_games,modern-commercial-likely-store-only,Steam/GOG/Epic/official store or Dylan-owned installer likely; search for official freeware only if plausible,blocked-unless-official-free-or-private-files,Do not acquire from random mirrors; only test after official/free source or Dylan-supplied installer.,Top-10 seed from Wikipedia review-score table.
2015,2,Out of the Park Baseball 16,Out of the Park Developments,WIN,91/100,95.25% [ 17 ],https://en.wikipedia.org/wiki/2015_in_video_games,modern-commercial-likely-store-only,Steam/GOG/Epic/official store or Dylan-owned installer likely; search for official freeware only if plausible,blocked-unless-official-free-or-private-files,Do not acquire from random mirrors; only test after official/free source or Dylan-supplied installer.,Top-10 seed from Wikipedia review-score table.
2015,3,Metal Gear Solid V: The Phantom Pain,Konami,XBO,95/100,90.38%,https://en.wikipedia.org/wiki/2015_in_video_games,console-title-private-media-only,owned physical media/ROM dump only; no public ROM downloads,private-emulator-vault-only,Only evaluate if Dylan supplies private dumps; keep out of Git/public catalog.,Top-10 seed from Wikipedia review-score table.
2015,4,Journey,Sony Computer Entertainment,PS4,92/100,94.8%,https://en.wikipedia.org/wiki/2015_in_video_games,console-title-private-media-only,owned physical media/ROM dump only; no public ROM downloads,private-emulator-vault-only,Only evaluate if Dylan supplies private dumps; keep out of Git/public catalog.,Top-10 seed from Wikipedia review-score table.
2015,5,Undertale,Toby Fox,WIN,92/100,94.11%,https://en.wikipedia.org/wiki/2015_in_video_games,commercial-indie-store,official project/store source needed,official-free-or-commercial-indie,"Paid commercial; offline after purchase likely, not free source",Known open/free/commercial indie classification; verify exact source before caching.
2015,6,Divinity: Original Sin Enhanced Edition,Larian Studios,WIN,94/100,90% [ 18 ],https://en.wikipedia.org/wiki/2015_in_video_games,modern-commercial-likely-store-only,Steam/GOG/Epic/official store or Dylan-owned installer likely; search for official freeware only if plausible,blocked-unless-official-free-or-private-files,Do not acquire from random mirrors; only test after official/free source or Dylan-supplied installer.,Top-10 seed from Wikipedia review-score table.
2015,7,Mario Kart 8 DLC Pack 2,Nintendo,WiiU,90/100,93.5%,https://en.wikipedia.org/wiki/2015_in_video_games,console-title-private-media-only,owned physical media/ROM dump only; no public ROM downloads,private-emulator-vault-only,Only evaluate if Dylan supplies private dumps; keep out of Git/public catalog.,Top-10 seed from Wikipedia review-score table.
2015,8,The Swapper,Curve Studios,XBO,92/100,93.33%,https://en.wikipedia.org/wiki/2015_in_video_games,console-title-private-media-only,owned physical media/ROM dump only; no public ROM downloads,private-emulator-vault-only,Only evaluate if Dylan supplies private dumps; keep out of Git/public catalog.,Top-10 seed from Wikipedia review-score table.
2015,9,The Witcher 3: Wild Hunt,CD Projekt,WIN,93/100,92.11%,https://en.wikipedia.org/wiki/2015_in_video_games,modern-commercial-likely-store-only,Steam/GOG/Epic/official store or Dylan-owned installer likely; search for official freeware only if plausible,blocked-unless-official-free-or-private-files,Do not acquire from random mirrors; only test after official/free source or Dylan-supplied installer.,Top-10 seed from Wikipedia review-score table.
2015,10,Bloodborne,Sony Computer Entertainment,PS4,92/100,90.66%,https://en.wikipedia.org/wiki/2015_in_video_games,console-title-private-media-only,owned physical media/ROM dump only; no public ROM downloads,private-emulator-vault-only,Only evaluate if Dylan supplies private dumps; keep out of Git/public catalog.,Top-10 seed from Wikipedia review-score table.
2016,1,The Witcher 3: Wild Hunt – Blood and Wine,CD Projekt,XBO,94/100,94%,https://en.wikipedia.org/wiki/2016_in_video_games,console-title-private-media-only,owned physical media/ROM dump only; no public ROM downloads,private-emulator-vault-only,Only evaluate if Dylan supplies private dumps; keep out of Git/public catalog.,Top-10 seed from Wikipedia review-score table.
2016,2,Persona 5,Atlus,PS4,93/100 [ 15 ],93.3% [ 16 ],https://en.wikipedia.org/wiki/2016_in_video_games,console-title-private-media-only,owned physical media/ROM dump only; no public ROM downloads,private-emulator-vault-only,Only evaluate if Dylan supplies private dumps; keep out of Git/public catalog.,Top-10 seed from Wikipedia review-score table.
2016,3,Inside,Playdead,XBO,93/100,92.81%,https://en.wikipedia.org/wiki/2016_in_video_games,console-title-private-media-only,owned physical media/ROM dump only; no public ROM downloads,private-emulator-vault-only,Only evaluate if Dylan supplies private dumps; keep out of Git/public catalog.,Top-10 seed from Wikipedia review-score table.
2016,4,Uncharted 4: A Thief's End,Sony Interactive Entertainment,PS4,93/100,92.71%,https://en.wikipedia.org/wiki/2016_in_video_games,console-title-private-media-only,owned physical media/ROM dump only; no public ROM downloads,private-emulator-vault-only,Only evaluate if Dylan supplies private dumps; keep out of Git/public catalog.,Top-10 seed from Wikipedia review-score table.
2016,5,Odin Sphere Leifthrasir,Atlus,PSV,93/100,89.25% [ 17 ],https://en.wikipedia.org/wiki/2016_in_video_games,console-title-private-media-only,owned physical media/ROM dump only; no public ROM downloads,private-emulator-vault-only,Only evaluate if Dylan supplies private dumps; keep out of Git/public catalog.,Top-10 seed from Wikipedia review-score table.
2016,6,Forza Horizon 3,Microsoft Studios,XBO,91/100,92.14%,https://en.wikipedia.org/wiki/2016_in_video_games,console-title-private-media-only,owned physical media/ROM dump only; no public ROM downloads,private-emulator-vault-only,Only evaluate if Dylan supplies private dumps; keep out of Git/public catalog.,Top-10 seed from Wikipedia review-score table.
2016,7,Out of the Park Baseball 17,Out of the Park Developments,WIN,92/100,91.25%,https://en.wikipedia.org/wiki/2016_in_video_games,modern-commercial-likely-store-only,Steam/GOG/Epic/official store or Dylan-owned installer likely; search for official freeware only if plausible,blocked-unless-official-free-or-private-files,Do not acquire from random mirrors; only test after official/free source or Dylan-supplied installer.,Top-10 seed from Wikipedia review-score table.
2016,8,SteamWorld Heist,Image & Form,PSV,90/100,92% [ 18 ],https://en.wikipedia.org/wiki/2016_in_video_games,console-title-private-media-only,owned physical media/ROM dump only; no public ROM downloads,private-emulator-vault-only,Only evaluate if Dylan supplies private dumps; keep out of Git/public catalog.,Top-10 seed from Wikipedia review-score table.
2016,9,Overwatch,Blizzard Entertainment,WIN,91/100,91.26%,https://en.wikipedia.org/wiki/2016_in_video_games,modern-commercial-likely-store-only,Steam/GOG/Epic/official store or Dylan-owned installer likely; search for official freeware only if plausible,blocked-unless-official-free-or-private-files,Do not acquire from random mirrors; only test after official/free source or Dylan-supplied installer.,Top-10 seed from Wikipedia review-score table.
2016,10,Stephen's Sausage Roll,Increpare Games,WIN,90/100,91.25%,https://en.wikipedia.org/wiki/2016_in_video_games,modern-commercial-likely-store-only,Steam/GOG/Epic/official store or Dylan-owned installer likely; search for official freeware only if plausible,blocked-unless-official-free-or-private-files,Do not acquire from random mirrors; only test after official/free source or Dylan-supplied installer.,Top-10 seed from Wikipedia review-score table.
